{
    "name": "Mystic Forest",
    "exploreTitle": "Addition",
    "Monsters": [ ""],
    "MonsterGroups": [

                  {
                      "Group": [ ""]
                  }

                ],
    "Events": [ "Flowery Clearing"],
    "Quests": [ ""],
    "Adventures": [ "Visit Mari"],
    "Treasure": [
                {
                    "Common": [ ""]
                },
                {
                    "Uncommon": [ ""]
                },
                {
                    "Rare": [ ""]
                }
              ]
}
