{
    "name": "Mischievous Thigh Invitation",
    "cost": "0",
    "costType": "ep",
    "requiredLevel": "0",
    "learningCost": "0",
    "skillType": "attack",
    "statType": "Core",
    "requiredStat": "0",
    "skillTags": [ "Sex"],
    "fetishTags": [ "Legs"],
    "startsStance": "",
    "requiresStance": "Any",
    "unusableIfStance": [ ""],
    "requiresTargetStance": [ "Any"],
    "unusableIfTarget": [ "Any"],
    "removesStance": "None",
    "requiresStatusEffect": "None",
    "requiresStatusPotency": "0",
    "unusableIfStatusEffect": [ "None"],
    "power": "15",
    "minRange": "90",
    "maxRange": "110",
    "recoil": "0",
    "targetType": "single",
    "statusEffect": "Charm",
    "statusChance": "15",
    "statusDuration": "5",
    "statusPotency": "0",
    "statusResistedBy": "",
    "statusText": "",
    "descrip": "",
    "outcome": "{AttackerName} deftly takes {TargetName}'s hands and drags them to {AttackerHisOrHer} supple thighs, ensuring {TargetName}'s hands are completely enveloped.",
    "miss": "{AttackerName} playfully floats around {TargetName}, but {TargetHeOrShe} manages to stop {AttackerHisOrHer} from grabbing {TargetHimOrHer}.",
    "statusOutcome": "The soft feel of {AttackerName}'s thighs lingers in {TargetName}'s head. {TargetName} is charmed!",
    "statusMiss": "",
    "restraintStruggle": "",
    "restraintStruggleCharmed": "",
    "restraintEscaped": "",
    "restraintEscapedFail": ""
}
