{
    "name": "Pollinating Makeout",
    "cost": "0",
    "costType": "ep",
    "requiredLevel": "0",
    "learningCost": "0",
    "skillType": "attack",
    "statType": "Allure",
    "requiredStat": "0",
    "skillTags": [ "Mouth"],
    "fetishTags": [ "Kissing"],
    "startsStance": "",
    "requiresStance": "Making Out",
    "unusableIfStance": [ ""],
    "requiresTargetStance": [ "Making Out"],
    "unusableIfTarget": [ ""],
    "removesStance": "",
    "requiresStatusEffect": "",
    "requiresStatusPotency": "0",
    "unusableIfStatusEffect": [ "None"],
    "power": "45",
    "minRange": "90",
    "maxRange": "110",
    "recoil": "0",
    "targetType": "single",
    "statusEffect": "Charm",
    "statusChance": "35",
    "statusDuration": "5",
    "statusPotency": "0",
    "statusResistedBy": "",
    "statusText": "",
    "descrip": "",
    "outcome": "{AttackerName} skillfully kisses {TargetName} back, the pleasure greatly amplified by a dizzying flowery scent pervading her soft breath .",
    "miss": "{AttackerName} skillfully kisses {TargetName} back, but {TargetHeOrShe} manages to resist the pleasure.",
    "statusOutcome": "{AttackerName}'s kisses fill {TargetName}'s head with the sweet scent of flowers. {TargetName} is charmed!",
    "statusMiss": "",
    "restraintStruggle": "",
    "restraintStruggleCharmed": "",
    "restraintEscaped": "",
    "restraintEscapedFail": ""
}
