{
    "name": "Pollinating Kiss",
    "cost": "0",
    "costType": "ep",
    "requiredLevel": "0",
    "learningCost": "0",
    "skillType": "attack",
    "statType": "Allure",
    "requiredStat": "0",
    "skillTags": [ "Mouth"],
    "fetishTags": [ "Kissing"],
    "startsStance": "",
    "requiresStance": "Any",
    "unusableIfStance": [ ""],
    "requiresTargetStance": [ "Any"],
    "unusableIfTarget": [ "Any"],
    "removesStance": "",
    "requiresStatusEffect": "",
    "requiresStatusPotency": "0",
    "unusableIfStatusEffect": [ "None"],
    "power": "15",
    "minRange": "90",
    "maxRange": "110",
    "recoil": "0",
    "targetType": "single",
    "statusEffect": "Charm",
    "statusChance": "15",
    "statusDuration": "5",
    "statusPotency": "0",
    "statusResistedBy": "",
    "statusText": "",
    "descrip": "",
    "outcome": "{AttackerName} throws {AttackerHisOrHer} arms around {TargetName}'s neck and peppers {TargetHimOrHer} with small kisses, the sweet scent of nectar lingering on {TargetHisOrHer} lips.",
    "miss": "{AttackerName} tries to pepper {TargetName} with kisses, but {TargetHeOrShe} manages to avoid them.",
    "statusOutcome": "{AttackerName}'s kisses fill {TargetName}'s head with the sweet scent of flowers. {TargetName} is charmed!",
    "statusMiss": "",
    "restraintStruggle": "",
    "restraintStruggleCharmed": "",
    "restraintEscaped": "",
    "restraintEscapedFail": ""
}
