{
    "name": "Spring's Charm",
    "cost": "0",
    "costType": "ep",
    "requiredLevel": "0",
    "learningCost": "0",
    "skillType": "attack",
    "statType": "Allure",
    "requiredStat": "0",
    "skillTags": [ "Seduction"],
    "fetishTags": [ "Feet", "Legs"],
    "startsStance": "",
    "requiresStance": "Any",
    "unusableIfStance": [ "Any"],
    "requiresTargetStance": [ "Any"],
    "unusableIfTarget": [ "Any"],
    "removesStance": "None",
    "requiresStatusEffect": "",
    "requiresStatusPotency": "0",
    "unusableIfStatusEffect": [ "Charm"],
    "power": "15",
    "minRange": "90",
    "maxRange": "110",
    "recoil": "0",
    "targetType": "single",
    "statusEffect": "Charm",
    "statusChance": "65",
    "statusDuration": "5",
    "statusPotency": "0",
    "statusResistedBy": "Willpower",
    "statusText": "",
    "descrip": "",
    "outcome": "{AttackerName} leans back and begins to cross and uncross {AttackerHisOrHer} enticing legs in midair, the natural light of the meadow giving them an irresistable sheen. {TargetName} flushes at the sight...",
    "miss": "{AttackerName} leans back and begins to cross and uncross {AttackerHisOrHer} enticing legs in midair. The display is arousing, but {AttackerHeOrShe} can't seem to get the right angle, failing to capture {TargetName}'s attention...",
    "statusOutcome": "{TargetName} can't seem to shake away the images of {AttackerName}'s legs in {TargetHisOrHer} head. {TargetName} is charmed!",
    "statusMiss": "",
    "restraintStruggle": "",
    "restraintStruggleCharmed": "",
    "restraintEscaped": "",
    "restraintEscapedFail": ""
}
