{
    "name": "Trickster's Flight",
    "cost": "0",
    "costType": "ep",
    "requiredLevel": "0",
    "learningCost": "0",
    "skillType": "statusEffect",
    "statType": "Core",
    "requiredStat": "0",
    "skillTags": [ "Seduction"],
    "fetishTags": [ "Feet"],
    "startsStance": "",
    "requiresStance": "Any",
    "unusableIfStance": [ "Any"],
    "requiresTargetStance": [ "Any"],
    "unusableIfTarget": [ "Any"],
    "removesStance": "None",
    "requiresStatusEffect": "",
    "requiresStatusPotency": "0",
    "unusableIfStatusEffect": [ ""],
    "power": "0",
    "minRange": "100",
    "maxRange": "100",
    "recoil": "0",
    "targetType": "single",
    "statusEffect": "None",
    "statusChance": "250",
    "statusDuration": "2",
    "statusPotency": "0",
    "statusResistedBy": "Technique",
    "statusText": "",
    "descrip": "",
    "outcome": "",
    "miss": "",
    "statusOutcome": "|f|CallCombatEventAndScene|/|MariCombatEvents|/|Trickster's Flight Check",
    "statusMiss": "",
    "restraintStruggle": "",
    "restraintStruggleCharmed": "",
    "restraintEscaped": "",
    "restraintEscapedFail": ""
}
