{
    "name": "Mari's Tulip Jam Jar",
    "itemType": "NotCombatConsumable",
    "cost": "0",
    "requires": [ ""],
    "requiresEvent": [
                        {
                          "NameOfEvent": "",
                          "Progress": "-99",
                          "ChoiceNumber": "-1",
                          "Choice": ""
                        }
                      ],
    "descrip": "Delicious rejuvenation tulip jam footmade by Mari and sealed in a specially enchanted jar. Restores 1 Spirit, but the essence of Mari's feet still lingers, giving you arousal based on your Foot Fetish.",
    "perks": [ ""],
    "skills": [],

    "hp": "0",
    "ep": "0",
    "sp": "0",

    "Exp": "0",
    "Power": "0",
    "Technique": "0",
    "Intelligence": "0",
    "Allure": "0",
    "Willpower": "0",
    "Luck": "0",

    "statusEffect": "",
    "statusChance": "0",
    "statusPotency": "0",

    "BodySensitivity": { "Sex": "0",
              "Ass": "0",
              "Breasts": "0",
              "Mouth": "0",
              "Seduction": "0",
              "Magic": "0",
              "Pain": "0",
              "Holy": "0",
              "Unholy": "0"
    },

    "resistancesStatusEffects": {
              "Stun": "0",
              "Charm": "0",
              "Aphrodisiac": "0",
              "Restraints": "0",
              "Sleep": "0",
              "Trance": "0",
              "Paralysis": "0",
              "Debuff": "0"
    },


    "useOutcome": "|f|JumpToEventThenScene|/|Flowery Clearing|/|UseJamJar",
    "useMiss": "",

    "onEquip": "",
    "onUnequip": ""

}
