{
    "name": "Feet Pussy Hold",
    "cost": "5",
    "costType": "ep",
    "requiredLevel": "0",
    "learningCost": "200",
    "skillType": "statusEffect",
    "statType": "Technique",
    "requiredStat": "7",
    "skillTags": [ "Pain"],
    "fetishTags": [ ""],
    "startsStance": "",
    "requiresStance": "Any",
    "unusableIfStance": [ "Any"],
    "requiresTargetStance": [ "Any"],
    "unusableIfTarget": [ ""],
    "removesStance": "None",
    "requiresStatusEffect": "None",
    "requiresStatusPotency": "0",
    "unusableIfStatusEffect": [ "Restrain"],
    "power": "0",
    "minRange": "0",
    "maxRange": "0",
    "recoil": "0",
    "targetType": "single",
    "statusEffect": "Restrain",
    "statusChance": "75",
    "statusDuration": "0",
    "statusPotency": "15",
    "statusResistedBy": "Technique",
    "statusText": "cock trapped",
    "descrip": "",
    "outcome": "",
    "miss": "",
    "statusOutcome": " ",
    "statusMiss": " ",
    "restraintStruggle": "You try to escape Mari's feetpussy...",
    "restraintStruggleCharmed": "You weakly try to escape Mari's feetpussy, your struggle only amplifying the pleasure of her soles...",
    "restraintEscaped": "|f|CallCombatEventAndScene|/|MariCombatEvents|/|EscapedFeetPussyHold",
    "restraintEscapedFail": "|f|CallCombatEventAndScene|/|MariCombatEvents|/|FeetPussyHoldEscapeFail"
}
