{
    "name": "Flower Hold",
    "cost": "5",
    "costType": "ep",
    "requiredLevel": "0",
    "learningCost": "200",
    "skillType": "statusEffect",
    "statType": "Technique",
    "requiredStat": "7",
    "skillTags": [ "Pain"],
    "fetishTags": [ ""],
    "startsStance": "",
    "requiresStance": "Any",
    "unusableIfStance": [ "Any"],
    "requiresTargetStance": [ "Any"],
    "unusableIfTarget": [ ""],
    "removesStance": "None",
    "requiresStatusEffect": "None",
    "requiresStatusPotency": "0",
    "unusableIfStatusEffect": [ "Restrain"],
    "power": "0",
    "minRange": "0",
    "maxRange": "0",
    "recoil": "0",
    "targetType": "single",
    "statusEffect": "Restrain",
    "statusChance": "75",
    "statusDuration": "0",
    "statusPotency": "15",
    "statusResistedBy": "Technique",
    "statusText": "hands tied",
    "descrip": "",
    "outcome": "",
    "miss": "",
    "statusOutcome": " ",
    "statusMiss": " ",
    "restraintStruggle": "{TargetName} struggles against the flower bonds holding {TargetHisOrHer} wrists, all while {AttackerHeOrShe} continues to tease {TargetHisOrHer} twitching manhood...",
    "restraintStruggleCharmed": "{TargetName} weakly struggles against the flower bonds holding {TargetHisOrHer} wrists, all while {AttackerHeOrShe} continues to tease {TargetHisOrHer} twitching manhood...",
    "restraintEscaped": "|f|CallCombatEventAndScene|/|MariCombatEvents|/|EscapedFootjob",
    "restraintEscapedFail": "|f|CallCombatEventAndScene|/|MariCombatEvents|/|FootjobEscapeFail"
}
