{
    "name": "Kneejob Hold",
    "cost": "5",
    "costType": "ep",
    "requiredLevel": "0",
    "learningCost": "200",
    "skillType": "statusEffect",
    "statType": "Technique",
    "requiredStat": "7",
    "skillTags": [ "Pain"],
    "fetishTags": [ ""],
    "startsStance": "",
    "requiresStance": "Any",
    "unusableIfStance": [ "Any"],
    "requiresTargetStance": [ "Any"],
    "unusableIfTarget": [ ""],
    "removesStance": "None",
    "requiresStatusEffect": "None",
    "requiresStatusPotency": "0",
    "unusableIfStatusEffect": [ "Restrain"],
    "power": "0",
    "minRange": "0",
    "maxRange": "0",
    "recoil": "0",
    "targetType": "single",
    "statusEffect": "Restrain",
    "statusChance": "75",
    "statusDuration": "0",
    "statusPotency": "15",
    "statusResistedBy": "Technique",
    "statusText": "cock trapped",
    "descrip": "",
    "outcome": "",
    "miss": "",
    "statusOutcome": " ",
    "statusMiss": " ",
    "restraintStruggle": "You try to free yourself from Mari's soft leg...",
    "restraintStruggleCharmed": "You weakly to free yourself from Mari's soft leg, unintentionally groping her supple flesh as you try to push her away...",
    "restraintEscaped": "And manage to free your cock!|n||f|CallCombatEventAndScene|/|MariCombatEvents|/|EscapedKneejobHold",
    "restraintEscapedFail": "|f|CallCombatEventAndScene|/|MariCombatEvents|/|KneejobHoldEscapeFail"
}
