{
    "name": "Alternating Foot Pump",
    "cost": "0",
    "costType": "ep",
    "requiredLevel": "0",
    "learningCost": "0",
    "skillType": "attack",
    "statType": "Technique",
    "requiredStat": "0",
    "skillTags": [ "Sex"],
    "fetishTags": [ "Feet"],
    "startsStance": "",
    "requiresStance": "Behind Footjob",
    "unusableIfStance": [ ""],
    "requiresTargetStance": [ "Any"],
    "unusableIfTarget": [ ""],
    "removesStance": "None",
    "requiresStatusEffect": "None",
    "requiresStatusPotency": "0",
    "unusableIfStatusEffect": [ "None"],
    "power": "30",
    "minRange": "90",
    "maxRange": "110",
    "recoil": "0",
    "targetType": "single",
    "statusEffect": "None",
    "statusChance": "0",
    "statusDuration": "0",
    "statusPotency": "0",
    "statusResistedBy": "",
    "statusText": "",
    "descrip": "",
    "outcome": "{AttackerName}'s soft soles alternately move up and down as {AttackerHeOrShe} strokes {TargetName}'s cock, covering {TargetHisOrHer} glans with {AttackerHimOrHer} feet from all directions.",
    "miss": "{AttackerName}'s soft soles alternately move up and down as {AttackerHeOrShe} strokes {TargetName}'s cock, but {AttackerHeOrShe} can't get a good grip on {TargetHisOrHer} shaft.",
    "statusOutcome": "",
    "statusMiss": "",
    "restraintStruggle": "",
    "restraintStruggleCharmed": "",
    "restraintEscaped": "",
    "restraintEscapedFail": ""
}
