{
    "name": "Butterfly's Seduction",
    "cost": "0",
    "costType": "ep",
    "requiredLevel": "0",
    "learningCost": "0",
    "skillType": "attack",
    "statType": "",
    "requiredStat": "0",
    "skillTags": [ "Sex", "Mouth"],
    "fetishTags": [ "Legs", "Kissing"],
    "startsStance": "",
    "requiresStance": "Kneejob",
    "unusableIfStance": [ ""],
    "requiresTargetStance": [ "Any"],
    "unusableIfTarget": [ ""],
    "removesStance": "None",
    "requiresStatusEffect": "None",
    "requiresStatusPotency": "0",
    "unusableIfStatusEffect": [ "None"],
    "power": "25",
    "minRange": "90",
    "maxRange": "110",
    "recoil": "0",
    "targetType": "single",
    "statusEffect": "Charm",
    "statusChance": "20",
    "statusDuration": "4",
    "statusPotency": "0",
    "statusResistedBy": "Willpower",
    "statusText": "",
    "descrip": "",
    "outcome": "{AttackerName} pulls {TargetName} in for a deep kiss as {AttackerHeOrShe} gently strokes {TargetHisOrHer} throbbing cock behind {AttackerHisOrHer} knee.",
    "miss": "{AttackerName} pulls {TargetName} in for a deep kiss as {AttackerHeOrShe} gently strokes {TargetHisOrHer} throbbing cock behind {AttackerHisOrHer} knee, but {TargetHeOrShe} manages to resist the pleasure.",
    "statusOutcome": "{AttackerName}'s deep kiss causes {TargetName}'s head to fog up in pleasure and affection... {TargetName} is charmed!",
    "statusMiss": "",
    "restraintStruggle": "",
    "restraintStruggleCharmed": "",
    "restraintEscaped": "",
    "restraintEscapedFail": ""
}
