{
    "name": "Butterfly Cling",
    "cost": "0",
    "costType": "ep",
    "requiredLevel": "0",
    "learningCost": "0",
    "skillType": "attack",
    "statType": "Technique",
    "requiredStat": "0",
    "skillTags": [ "Sex", "Seduction"],
    "fetishTags": [ "Feet"],
    "startsStance": "",
    "requiresStance": "Behind Footjob",
    "unusableIfStance": [ ""],
    "requiresTargetStance": [ "Any"],
    "unusableIfTarget": [ ""],
    "removesStance": "None",
    "requiresStatusEffect": "None",
    "requiresStatusPotency": "0",
    "unusableIfStatusEffect": [ "None"],
    "power": "25",
    "minRange": "90",
    "maxRange": "110",
    "recoil": "0",
    "targetType": "single",
    "statusEffect": "Charm",
    "statusChance": "45",
    "statusDuration": "4",
    "statusPotency": "0",
    "statusResistedBy": "",
    "statusText": "",
    "descrip": "",
    "outcome": "With {AttackerHisOrHer} arms around {TargetName}, {AttackerName} moves {AttackerHisOrHer} delicate lips to {TargetHisOrHer} ear and gives it a lick as {AttackerHeOrShe} strokes {TargetHisOrHer} shaft with {AttackerHisOrHer} supple feet.",
    "miss": "{AttackerName}'s tries to lick {TargetName} ears and stroke {TargetHisOrHer} cock with her feet, but misses {AttackerHisOrHer} mark.",
    "statusOutcome": "{TargetName} succumbs to the seductive combined pleasure of {AttackerName}'s lips and feet. {TargetName} is charmed!",
    "statusMiss": "",
    "restraintStruggle": "",
    "restraintStruggleCharmed": "",
    "restraintEscaped": "",
    "restraintEscapedFail": ""
}
