{
    "name": "Hovering Footjob",
    "cost": "0",
    "costType": "ep",
    "requiredLevel": "0",
    "learningCost": "0",
    "skillType": "attack",
    "statType": "",
    "requiredStat": "0",
    "skillTags": [ "Sex"],
    "fetishTags": [ "Feet"],
    "startsStance": "",
    "requiresStance": "Footjob",
    "unusableIfStance": [ ""],
    "requiresTargetStance": [ "Any"],
    "unusableIfTarget": [ ""],
    "removesStance": "None",
    "requiresStatusEffect": "None",
    "requiresStatusPotency": "0",
    "unusableIfStatusEffect": [ "None"],
    "power": "30",
    "minRange": "90",
    "maxRange": "110",
    "recoil": "0",
    "targetType": "single",
    "statusEffect": "None",
    "statusChance": "0",
    "statusDuration": "0",
    "statusPotency": "0",
    "statusResistedBy": "",
    "statusText": "",
    "descrip": "",
    "outcome": "{AttackerName} skillfully controls the pressure of {AttackerHisOrHer} feet as {AttackerHeOrShe} presses down on {TargetName}'s manhood in midair, giving {TargetHimOrHer} unpredictable pleasure.",
    "miss": "{AttackerName} skillfully controls the pressure of {AttackerHisOrHer} feet as {AttackerHeOrShe} presses down on {TargetName}'s manhood in midair, but {TargetHeOrShe} manages to squirm out of the way.",
    "statusOutcome": "",
    "statusMiss": "",
    "restraintStruggle": "",
    "restraintStruggleCharmed": "",
    "restraintEscaped": "",
    "restraintEscapedFail": ""
}
